date,price,volatility
2012-02-13,33.84,36.12
2012-02-14,33.51,37.12
2012-02-15,33.69,36.48
2012-02-16,33.18,36.39
2012-02-17,33.48,34.8
2012-02-20,33.56,35.49
2012-02-21,33.65,36.18
2012-02-22,34.08,36.28
2012-02-23,34.55,35.95
2012-02-24,35.57,35.11
2012-02-27,35.09,36.73
2012-02-28,35.6,37.79
2012-02-29,37.23,41.4
2012-03-01,34.56,39.73
2012-03-02,35.21,38.95
2012-03-05,34.18,40.16
2012-03-06,33.22,41.43
2012-03-07,33.17,39.79
2012-03-08,34.09,39.19
2012-03-09,33.87,37.41
2012-03-12,33.77,37.52
2012-03-13,33.58,35.76
2012-03-14,32.84,38.64
2012-03-15,32.36,34.62
2012-03-16,32.27,34.62
2012-03-19,32.44,32.52
2012-03-20,32.22,35.6
2012-03-21,31.97,35.28
2012-03-22,31.79,36.53
2012-03-23,31.54,34.17
2012-03-26,32.23,34.01
2012-03-27,33.01,33.4
2012-03-28,32.43,33.2
2012-03-29,31.79,33.58
2012-03-30,32.43,32.26
2012-04-02,32.42,33.01
2012-04-03,32.97,32.48
2012-04-04,31.98,35.61
2012-04-05,31.27,34.09
2012-04-10,31.55,36.19
2012-04-11,31.7,36.19
2012-04-12,31.47,35.4
2012-04-13,32.37,33.63
2012-04-16,31.32,35.93
2012-04-17,31.64,36.8
2012-04-18,31.61,34.33
2012-04-19,31.47,32.71
2012-04-20,31.79,32.45
2012-04-23,31.16,31.29
2012-04-24,30.86,33.73
2012-04-25,30.88,32.65
2012-04-26,30.7,33.74
2012-04-27,31.14,30.87
2012-04-30,31.2,30.13
2012-05-01,30.78,30.45
2012-05-02,30.52,30.01
2012-05-03,30.36,30.34
2012-05-04,29.9,32.25
2012-05-08,29.58,32.06
2012-05-09,28.77,33.28
2012-05-10,29.25,34.27
2012-05-11,28.58,34.83
2012-05-14,28.33,31.98
2012-05-15,28.28,33.44
2012-05-16,27.25,35.03
2012-05-17,27.48,36.87
2012-05-18,28.48,40.79
2012-05-21,28.39,40.94
2012-05-22,28.07,40.77
2012-05-23,27.76,38.66
2012-05-24,28.08,36.09
2012-05-25,28.24,37.77
2012-05-28,28.52,38.1
2012-05-29,28.25,37.14
2012-05-30,27.68,38.07
2012-05-31,28.1,39
2012-06-01,27.38,40.11
2012-06-06,29.36,39.17
2012-06-07,29.28,40.06
2012-06-08,28.17,40.24
2012-06-11,28.63,38.67
2012-06-12,28.54,37.25
2012-06-13,28.87,36.93
2012-06-14,28.88,36.51
2012-06-15,28.66,34.85
2012-06-18,28.43,34.59
2012-06-19,28.81,35.97
2012-06-20,28.31,37.37
2012-06-21,27.88,37.57
2012-06-22,26.81,34.57
2012-06-25,26.72,34.08
2012-06-26,27.44,33.21
2012-06-27,26.84,37.74
2012-06-28,26.81,35.84
2012-06-29,27.08,36.17
2012-07-02,27.36,35.21
2012-07-03,27.92,35.24
2012-07-04,28.11,37.73
2012-07-05,28.33,35.08
2012-07-06,27.32,34
2012-07-09,27.24,33.66
2012-07-10,27.57,33.63
2012-07-11,27.11,33.59
2012-07-12,26.67,35.06
2012-07-13,27.48,34.77
2012-07-16,27.05,36.95
2012-07-17,27.42,34.82
2012-07-18,27.03,35.62
2012-07-19,27.45,34.25
2012-07-20,27.07,34.46
2012-07-23,26.95,33.75
2012-07-24,26.93,32.09
2012-07-25,27.11,31.21
2012-07-26,27.81,31.61
2012-07-27,27.73,33.48
2012-07-30,27.64,34.47
2012-07-31,28.2,33.7
2012-08-01,27.87,32.92
2012-08-02,27.42,32.27
2012-08-03,27.25,33.34
2012-08-06,27.72,33.05
2012-08-07,28,32.55
2012-08-08,27.84,30.9
2012-08-09,28.02,29.76
2012-08-10,27.88,29.78
2012-08-13,28.05,29.47
2012-08-14,27.84,29.3
2012-08-15,27.64,27.45
2012-08-16,27.84,27.15
2012-08-17,28.2,25.5
2012-08-20,28.1,26.01
2012-08-21,28.92,25.77
2012-08-22,29.33,27.44
2012-08-23,30.32,26.28
2012-08-24,30.37,28.04
2012-08-28,30.81,27.42
2012-08-29,30.73,28.63
2012-08-30,30.66,31.54
2012-08-31,30.52,31.11
2012-09-03,31.74,32.25
2012-09-04,32.08,32.35
2012-09-05,32.1,31.97
2012-09-06,32.87,32.16
2012-09-07,32.22,33.22
2012-09-10,33.6,35.01
2012-09-11,33.52,36.8
2012-09-12,33.93,35.12
2012-09-13,33,34.68
2012-09-14,34.71,35.4
2012-09-17,34.53,36.14
2012-09-18,34.06,36.12
2012-09-19,34.65,38.13
2012-09-20,34.25,35.73
2012-09-21,34.69,33.91
2012-09-24,33.73,34.88
2012-09-25,34.01,34.35
2012-09-26,33.88,33.76
2012-09-27,33.95,33.39
2012-09-28,34.65,34.06
2012-10-01,34.35,34.66
2012-10-02,34.85,33.03
2012-10-03,34.72,32.04
2012-10-04,34.96,31.41
2012-10-05,34.85,31.41
2012-10-08,33.85,31.27
2012-10-09,33.87,31.18
2012-10-10,33.79,30.57
2012-10-11,34.25,30.2
2012-10-12,33.79,29.28
2012-10-15,33.22,30.19
2012-10-16,32.8,30.08
2012-10-17,33.03,29.82
2012-10-18,32.99,28.97
2012-10-19,32.33,28.48
2012-10-22,32.17,28.82
2012-10-23,31.71,28.15
2012-10-24,31.95,27.26
2012-10-25,32.08,27.55
2012-10-26,31.67,29.16
2012-10-29,31.82,29.25
2012-10-30,31.98,30.63
2012-10-31,32.28,30.17
2012-11-01,32.66,27.94
2012-11-02,31.92,27.54
2012-11-05,30.91,27.4
2012-11-06,31.4,27.33
2012-11-07,32.14,27.25
2012-11-08,31.7,26.91
2012-11-09,32.16,29.69
2012-11-12,32.63,30.14
2012-11-13,32.58,30.55
2012-11-14,32.48,27.94
2012-11-15,32.57,28.69
2012-11-16,32.27,27.91
2012-11-19,32.67,27.62
2012-11-20,33.19,27.11
2012-11-21,33.01,26.58
2012-11-22,33.29,25.72
2012-11-23,33.41,25.43
2012-11-26,34.08,23.87
2012-11-27,34.05,22.76
2012-11-28,33.85,23.33
2012-11-29,33.76,23.33
2012-11-30,34.28,23.33
2012-12-03,33.42,24.68
2012-12-04,33.3,24.9
2012-12-05,33.07,25.04
2012-12-06,32.83,25.13
2012-12-07,32.85,25.94
2012-12-10,33.34,26.64
2012-12-11,33.17,26.35
2012-12-12,33.1,25.92
2012-12-13,32.69,25.51
2012-12-14,32.52,24.53
2012-12-17,32.21,25.71
2012-12-18,32.38,26.14
2012-12-19,31.37,24.72
2012-12-20,31.12,26.54
2012-12-21,29.89,25.72
2012-12-24,30.19,24.53
2012-12-27,29.75,25.43
2012-12-28,30.15,25.75
2012-12-31,29.95,27.28
2013-01-02,30.87,27.32
2013-01-03,30.91,21.25
2013-01-04,29.32,24.5
2013-01-07,30.14,27.75
2013-01-08,30.39,27.99
2013-01-09,30.39,27.65
2013-01-10,30.49,28.08
2013-01-11,30.67,27.19
2013-01-14,30.76,26.29
2013-01-15,31.19,26.53
2013-01-16,31.23,26.61
2013-01-17,31.5,27.17
2013-01-18,31.82,26.59
2013-01-21,31.9,25.84
2013-01-22,31.94,25.78
2013-01-23,32.23,25.64
2013-01-24,31.85,26.59
2013-01-25,31.56,26.69
2013-01-28,30.87,27.24
2013-01-29,31.06,27.08
2013-01-30,31.35,25.38
2013-01-31,32.03,24.72
2013-02-01,31.43,24.06
2013-02-04,31.51,23.13
2013-02-05,32.01,22.72
2013-02-06,31.7,24.01
2013-02-07,31.75,25.17
2013-02-08,31.52,23.57
2013-02-11,31.16,24.28
2013-02-12,30.84,24.83
2013-02-13,31.04,23.36
2013-02-14,30.88,24.4
2013-02-15,30.18,24.41
2013-02-18,30,24.17
2013-02-19,30,24.74
2013-02-20,29.11,23.61
2013-02-21,28.72,25.28
2013-02-22,28.79,25.1
2013-02-25,29.17,24.79
2013-02-26,28.75,25.32
2013-02-27,29.07,25.33
2013-02-28,28.95,26
2013-03-01,28.01,26.67
2013-03-04,28.69,29.22
2013-03-05,28.93,28.41
2013-03-06,28.74,28.95
2013-03-07,29.01,29.72
2013-03-08,28.78,26.4
2013-03-11,28.9,26.73
2013-03-12,29.25,26.51
2013-03-13,29.12,26.7
2013-03-14,28.64,27.2
2013-03-15,28.91,26.41
2013-03-18,28.8,25.12
2013-03-19,28.85,24.76
2013-03-20,28.9,23.22
2013-03-21,28.91,22.57
2013-03-22,29.06,21.64
2013-03-25,28.67,21.93
2013-03-26,28.83,22.22
2013-03-27,28.33,21.68
2013-03-28,28.64,22.51
2013-04-02,27.96,24.35
2013-04-03,27.19,22.68
2013-04-04,26.8,22.95
2013-04-05,26.97,22.93
2013-04-08,27.27,22.25
2013-04-09,27.25,21.38
2013-04-10,27.74,20.9
2013-04-11,27.57,20.86
2013-04-12,27.4,22.01
2013-04-15,23.54,23.15
2013-04-16,23.47,24.16
2013-04-17,23.31,25.62
2013-04-18,23.51,26.01
2013-04-19,23.66,24.43
2013-04-22,23.6,23.59
2013-04-23,23.01,23.25
2013-04-24,22.91,24.67
2013-04-25,23.3,23.99
2013-04-26,24.02,31.18
2013-04-29,24.27,54.92
2013-04-30,24.42,43.77
2013-05-01,23.97,39.35
2013-05-02,23.69,38.38
2013-05-03,24.25,37.35
2013-05-07,23.75,36.04
2013-05-08,23.86,38.1
2013-05-09,24.07,34.67
2013-05-10,23.37,33.64
2013-05-13,23.66,36.4
2013-05-14,23.44,35.48
2013-05-15,22.87,34.29
2013-05-16,22.26,36.62
2013-05-17,22.52,33.73
2013-05-20,21.66,32.09
2013-05-21,22.44,31.35
2013-05-22,22.62,32.67
2013-05-23,22.47,32.05
2013-05-24,22.38,32.18
2013-05-28,22.36,32.48
2013-05-29,22.36,33.59
2013-05-30,22.68,34.91
2013-05-31,22.57,41.88
2013-06-03,22.43,38.33
2013-06-04,22.51,38.88
2013-06-05,22.37,40.69
2013-06-06,22.62,42.21
2013-06-07,22.6,44.04
2013-06-10,21.81,41.11
2013-06-11,21.58,39.23
2013-06-12,21.78,38.91
2013-06-13,21.83,38.59
2013-06-14,21.69,36.27
2013-06-17,21.87,35.02
2013-06-18,21.8,36.02
2013-06-19,21.62,35.59
2013-06-20,20.24,35.17
2013-06-21,19.87,35.34
2013-06-24,19.65,35.19
2013-06-25,19.77,41.16
2013-06-26,18.67,36.49
2013-06-27,18.61,38.29
2013-06-28,18.86,36.82
2013-07-01,19.44,36.8
2013-07-02,19.62,34.85
2013-07-03,19.55,35.57
2013-07-04,19.57,36.8
2013-07-05,19.32,36.27
2013-07-08,19.16,47.77
2013-07-09,19.1,43.04
2013-07-10,19.37,43.05
2013-07-11,19.85,40.29
2013-07-12,19.66,45.7
2013-07-15,19.82,47.87
2013-07-16,19.95,46.26
2013-07-17,19.83,42.75
2013-07-18,19.49,40.82
2013-07-19,19.42,40.71
2013-07-22,19.95,41.95
2013-07-23,20.18,43.2
2013-07-24,20.4,41.69
2013-07-25,19.92,39.59
2013-07-26,20.02,38.69
2013-07-29,20.1,35.89
2013-07-30,19.68,34.79
2013-07-31,19.94,34.85
2013-08-01,19.72,34.27
2013-08-02,19.46,36.22
2013-08-05,19.76,34.74
2013-08-06,19.78,33.94
2013-08-07,19.27,34.78
2013-08-08,19.73,33.92
2013-08-09,20.31,34.16
2013-08-12,20.84,33.57
2013-08-13,21.46,33.69
2013-08-14,21.5,34.55
2013-08-15,22,34.98
2013-08-16,22.83,36.13
2013-08-19,23.23,35.63
2013-08-20,22.87,33.45
2013-08-21,22.94,32.83
2013-08-22,23.07,33.49
2013-08-23,23.06,32.9
2013-08-27,24.29,32.17
2013-08-28,24.74,33.29
2013-08-29,24.11,34.19
2013-08-30,23.64,33.55
2013-09-02,23.97,33.82
2013-09-03,24.21,39.62
2013-09-04,23.71,38.95
2013-09-05,23.52,38.14
2013-09-06,23.05,37.99
2013-09-09,23.64,37.91
2013-09-10,23.32,36.58
2013-09-11,22.91,38.77
2013-09-12,22.67,40.06
2013-09-13,21.72,40.93
2013-09-16,21.88,41.16
2013-09-17,21.97,40.32
2013-09-18,21.47,40.87
2013-09-19,23,41.55
2013-09-20,22.74,42.23
2013-09-23,21.68,41.95
2013-09-24,21.44,41.81
2013-09-25,21.68,39.78
2013-09-26,21.97,38.24
2013-09-27,21.61,38.77
2013-09-30,21.68,37.11
2013-10-01,21.7,40.73
2013-10-02,21.14,40.78
2013-10-03,21.57,40.78
2013-10-04,21.65,40.97
2013-10-07,21.77,41.13
2013-10-08,22.3,37.57
2013-10-09,22.1,38.14
2013-10-10,21.93,38.95
2013-10-11,21.52,37.96
2013-10-14,21.52,37.09
2013-10-15,20.49,36.21
2013-10-16,21.32,36.39
2013-10-17,21.72,38.03
2013-10-18,21.87,38.96
2013-10-21,22.09,37.64
2013-10-22,22.06,37.73
2013-10-23,22.53,36.98
2013-10-24,22.67,38.29
2013-10-25,22.35,38.1
2013-10-28,22.54,38.47
2013-10-29,22.31,37.52
2013-10-30,22.74,37.97
2013-10-31,22.2,38.31
2013-11-01,21.75,38.09
2013-11-04,21.85,36.62
2013-11-05,21.6,35.71
2013-11-06,21.94,34.96
2013-11-07,21.75,35.01
2013-11-08,21.7,34.59
2013-11-11,21.4,33.66
2013-11-12,21.1,33.19
2013-11-13,20.7,32.66
2013-11-14,20.78,32.71
2013-11-15,20.64,32.07
2013-11-18,20.64,31.32
2013-11-19,20.44,31.93
2013-11-20,20.24,31.22
2013-11-21,19.97,30.94
2013-11-22,19.93,30.43
2013-11-25,19.71,30.23
2013-11-26,20.11,30.44
2013-11-27,19.98,30.23
2013-11-28,19.76,30.47
2013-11-29,19.93,33.46
2013-12-02,19.75,33.74
2013-12-03,19.17,32.92
2013-12-04,19.05,30.02
2013-12-05,19.46,31.42
2013-12-06,19.49,31.02
2013-12-09,19.5,34.17
2013-12-10,20.05,32.25
2013-12-11,20.39,30.27
2013-12-12,19.8,30.04
2013-12-13,19.55,29.48
2013-12-16,19.5,30.26
2013-12-17,20.02,30.2
2013-12-18,19.94,30.14
2013-12-19,19.34,34.88
2013-12-20,19.33,34.34
2013-12-23,19.37,33.31
2013-12-24,19.4,34.25
2013-12-27,19.92,32.31
2013-12-30,19.65,31.91
2013-12-31,19.5,32.43
2014-01-02,19.94,31.91
2014-01-03,20.18,33.5
2014-01-06,20.04,33
2014-01-07,20.02,35.41
2014-01-08,19.52,34.61
2014-01-09,19.54,32.54
2014-01-10,19.8,33.51
2014-01-13,20.09,32.88
2014-01-14,20.27,31.5
2014-01-15,20.09,30.89
2014-01-16,20,30.76
2014-01-17,20.01,30.63
2014-01-20,20.29,30.39
2014-01-21,20.03,31.94
2014-01-22,19.87,33.87
2014-01-23,20.11,32.88
2014-01-24,20.19,31.88
2014-01-27,19.83,31.07
2014-01-28,19.72,31.28
2014-01-29,19.68,31.48
2014-01-30,19.41,31.73
2014-01-31,19.31,30.51
2014-02-03,19.27,29.09
2014-02-04,19.34,29.6
2014-02-05,19.63,29.05
2014-02-06,20.14,28.88
2014-02-07,19.87,28.93
2014-02-10,20.2,27.87
2014-02-11,20.17,28.53
2014-02-12,20.2,29.19
2014-02-13,20.27,28.96
2014-02-14,21.09,30.13
2014-02-17,21.65,31.79
2014-02-18,21.37,31.98
2014-02-19,21.75,31.37
2014-02-20,21.59,30.72
2014-02-21,21.74,31.02
2014-02-24,22.05,31.26
2014-02-25,21.73,31.27
2014-02-26,21.85,29.7
2014-02-27,21.38,30.21
2014-02-28,21.27,30.28
2014-03-03,21.46,26.86
2014-03-04,21.15,28.25
2014-03-05,21.32,29.13
2014-03-06,21.11,28.49
2014-03-07,21.38,29.29
2014-03-10,20.99,31.07
2014-03-11,21.25,31.32
2014-03-12,20.97,31.56
2014-03-13,21.24,31.57
2014-03-14,21.36,31.08
2014-03-17,21.22,32.03
2014-03-18,20.94,30.72
2014-03-19,20.75,29.76
2014-03-20,20.17,30.83
2014-03-21,20.55,28.84
2014-03-24,20.2,27.91
2014-03-25,20,29.54
2014-03-26,20.03,28.18
2014-03-27,19.68,28.19
2014-03-28,19.71,28.65
2014-03-31,19.97,27.94
2014-04-01,19.8,28.16
2014-04-02,19.82,28.79
2014-04-03,19.83,29.59
2014-04-04,19.93,29.62
2014-04-07,19.81,30.98
2014-04-08,20.15,30.84
2014-04-09,19.89,31.33
2014-04-10,20.24,29.73
2014-04-11,20.09,28.63
2014-04-14,19.74,28.19
2014-04-15,19.77,29.06
2014-04-16,19.6,28.6
2014-04-17,19.62,28.73
2014-04-22,19.51,28.67
2014-04-23,19.46,27.23
2014-04-24,19.06,27.09
2014-04-25,19.66,25.65
2014-04-28,19.6,25.31
2014-04-29,19.33,24.74
2014-04-30,19.28,25
2014-05-01,19.06,25.31
2014-05-02,19.17,25.41
2014-05-06,19.64,24.91
2014-05-07,19.64,25.52
2014-05-08,19.25,25.83
2014-05-09,19.25,26.08
2014-05-12,19.46,27.43
2014-05-13,19.44,26.28
2014-05-14,19.87,25.34
2014-05-15,19.66,25.62
2014-05-16,19.33,25.9
2014-05-19,19.55,26.73
2014-05-20,19.37,25.04
2014-05-21,19.31,24.99
2014-05-22,19.56,24.27
2014-05-23,19.42,24.6
2014-05-27,19.25,24.24
2014-05-28,19.13,26.16
2014-05-29,18.85,26.78
2014-05-30,19,26.43
2014-06-02,18.81,26.3
2014-06-03,18.87,25.52
2014-06-04,18.76,26.23
2014-06-05,18.81,25.54
2014-06-06,19.03,25.75
2014-06-09,19.11,25.57
2014-06-10,19,23.8
2014-06-11,19.2,25.15
2014-06-12,19.33,24.37
2014-06-13,19.58,23.7
2014-06-16,19.67,23.74
2014-06-17,19.55,23.02
2014-06-18,19.73,23.47
2014-06-19,19.94,23.25
2014-06-20,20.62,22.74
2014-06-23,20.75,23.48
2014-06-24,21.12,24.21
2014-06-25,20.78,23.37
2014-06-26,20.83,22.82
2014-06-27,21.04,23.69
2014-06-30,20.87,23.19
2014-07-01,21.08,22.61
2014-07-02,21.04,21.86
2014-07-03,21,21.86
2014-07-04,21.12,20.23
2014-07-07,20.95,19.32
2014-07-08,21.08,18.33
2014-07-09,21.13,18.47
2014-07-10,21.5,19.08
2014-07-11,21.42,19.18
2014-07-14,21.13,19.6
2014-07-15,20.93,19.65
2014-07-16,20.7,19.85
2014-07-17,20.78,24.64
2014-07-18,20.94,22.23
2014-07-21,20.93,21.9
2014-07-22,20.81,22.27
2014-07-23,20.93,22.39
2014-07-24,20.84,22.1
2014-07-25,20.46,21.78
2014-07-28,20.63,23.33
2014-07-29,20.64,22.48
2014-07-30,20.54,22.49
2014-07-31,20.69,21.75
2014-08-01,20.34,21.74
2014-08-04,20.35,21.73
2014-08-05,20.2,21.99
2014-08-06,19.78,22.06
2014-08-07,20.07,21.95
2014-08-08,20.13,21.6
2014-08-11,19.85,22.54
2014-08-12,20.08,22.17
2014-08-13,19.9,22.2
2014-08-14,19.86,23.58
2014-08-15,19.86,21.67
2014-08-18,19.59,21.84
2014-08-19,19.66,21.56
2014-08-20,19.42,21.11
2014-08-21,19.4,22.45
2014-08-22,19.49,22.55
2014-08-26,19.49,22.44
2014-08-27,19.32,22.85
2014-08-28,19.75,22.43
2014-08-29,19.47,21.85
2014-09-01,19.49,20.64
2014-09-02,19.2,20.37
2014-09-03,19.1,21.41
2014-09-04,19.21,21.19
2014-09-05,19.13,20.77
2014-09-08,19.19,20.74
2014-09-09,19,20.67
2014-09-10,19.01,20.43
2014-09-11,18.7,20.17
2014-09-12,18.64,18.64
2014-09-15,18.64,19.82
2014-09-16,18.75,19.61
2014-09-17,18.63,19.43
2014-09-18,18.5,19.34
2014-09-19,18.45,19.66
2014-09-22,17.74,19.68
2014-09-23,17.92,20.36
2014-09-24,17.76,19.83
2014-09-25,17.52,19.33
2014-09-26,17.54,20
2014-09-29,17.58,19.59
2014-09-30,17.11,19.98
2014-10-01,17.04,20.36
2014-10-02,17.09,19.62
2014-10-03,16.97,20.12
2014-10-06,17.02,19.14
2014-10-07,17.36,20.29
2014-10-08,17.35,19.79
2014-10-09,17.64,20.8
2014-10-10,17.26,22.56
2014-10-11,17.26,22.89
2014-10-13,17.41,21.98
2014-10-14,17.5,21.02
2014-10-15,17.01,20.93
2014-10-16,17.46,20.68
2014-10-17,17.36,26.64
2014-10-20,17.38,27.91
2014-10-21,17.36,27.58
2014-10-22,17.36,29.38
2014-10-23,17.07,33.37
2014-10-24,17.19,31.39
2014-10-27,17.18,30.41
2014-10-28,17.18,36.99
2014-10-29,17.2,35.34
2014-10-30,16.78,34.42
2014-10-31,16.2,31.21
2014-11-03,16.15,29.5
2014-11-04,16.12,29.84
2014-11-05,15.32,29.61
2014-11-06,15.28,30.94
2014-11-07,15.42,30.79
2014-11-10,15.67,31.49
2014-11-11,15.57,29.36
2014-11-12,15.62,32.79
2014-11-13,15.74,32.14
2014-11-14,15.35,31.07
2014-11-17,16.2,29.02
2014-11-18,16.27,26.19
2014-11-19,16.26,27.6
2014-11-20,16.2,27.29
2014-11-21,16.3,27.2
2014-11-24,16.33,27.7
2014-11-25,16.66,28.47
2014-11-26,16.61,29.13
2014-11-27,16.42,33.96
2014-11-28,15.97,38.4
2014-12-01,15.73,37.27
2014-12-02,16.16,36.28
2014-12-03,16.3,41
2014-12-04,16.42,39.23
2014-12-05,16.33,35.91
2014-12-08,16.26,33.55
2014-12-09,16.37,35.05
2014-12-10,17.06,34.67
2014-12-11,16.98,32.02
2014-12-12,17.07,36.32
2014-12-15,16.85,37.14
2014-12-16,16.29,36.09
2014-12-17,15.95,37.84
2014-12-18,16.08,33.86
2014-12-19,15.86,32.41
2014-12-22,16.09,31.33
2014-12-23,15.71,30.86
2014-12-24,15.77,31.2
2014-12-29,16,34.81
2014-12-30,15.79,38.41
2014-12-31,15.97,40.68
2015-01-02,15.71,36.82
2015-01-05,15.88,35.15
2015-01-06,16.29,34.93
2015-01-07,16.33,33.34
2015-01-08,16.37,33.65
2015-01-09,16.24,32.69
2015-01-12,16.52,33.57
2015-01-13,17,33.35
2015-01-14,16.64,33.92
2015-01-15,17.12,35.87
2015-01-16,16.92,39.84
2015-01-19,17.65,39.3
2015-01-20,17.8,34.88
2015-01-21,18.22,33.61
2015-01-22,18.08,34.74
2015-01-23,18.23,33.28
2015-01-26,17.83,32.98
2015-01-27,17.87,32.58
2015-01-28,18.01,32.17
2015-01-29,17.43,35.23
2015-01-30,16.92,32.43
2015-02-02,17.22,36.65
2015-02-03,17.59,35.92
2015-02-04,17.39,35.19
2015-02-05,17,35.12
2015-02-06,17.22,33.95
2015-02-09,16.97,32.9
2015-02-10,16.8,32.13
2015-02-11,16.95,30.76
2015-02-12,16.89,30.36
2015-02-13,16.86,31.72
2015-02-16,17.27,33.45
2015-02-17,16.82,35.71
2015-02-18,16.42,38.07
2015-02-19,16.73,37.91
2015-02-20,16.34,37.74
2015-02-23,16.2,37.14
2015-02-24,16.32,34.45
2015-02-25,16.51,33.8
2015-02-26,16.82,33.58
2015-02-27,16.53,33.72
2015-03-02,16.63,32.91
2015-03-03,16.42,36.28
2015-03-04,16.32,34.86
2015-03-05,16.19,34.69
2015-03-06,15.99,33.89
2015-03-09,15.92,33.24
2015-03-10,15.78,33.71
2015-03-11,15.64,34.34
2015-03-12,15.68,33.89
2015-03-13,15.5,33.74
2015-03-16,15.58,33.58
2015-03-17,15.56,32.33
2015-03-18,15.47,31.81
2015-03-19,15.88,33.82
2015-03-20,16.17,35.83
2015-03-23,16.73,35.23
2015-03-24,16.97,33.72
2015-03-25,16.94,35.04
2015-03-26,17.13,34.22
2015-03-27,17.14,33.38
2015-03-30,16.65,31.82
2015-03-31,16.6,31.26
2015-04-01,16.56,30.52
2015-04-02,16.84,31.55
2015-04-07,16.86,31.35
2015-04-08,16.84,30.6
2015-04-09,16.3,30.67
2015-04-10,16.55,31.14
2015-04-13,16.27,31.53
2015-04-14,16.08,31.11
2015-04-15,16.18,33.07
2015-04-16,16.47,32.52
2015-04-17,16.36,31.72
2015-04-20,16.09,31.63
2015-04-21,16.08,32.18
2015-04-22,16.05,31.56
2015-04-23,15.86,28.16
2015-04-24,15.83,29.27
2015-04-27,15.84,29.64
2015-04-28,16.32,29.41
2015-04-29,16.48,28.3
2015-04-30,16.52,28.75
2015-05-01,16.17,28.76
2015-05-05,16.42,29.02
2015-05-06,16.41,28.69
2015-05-07,16.35,28.62
2015-05-08,16.31,27.97
2015-05-11,16.39,27.91
2015-05-12,16.46,27.85
2015-05-13,16.65,27.19
2015-05-14,17.4,27.78
2015-05-15,17.25,28.9
2015-05-18,17.7,28.12
2015-05-19,17.4,27.68
2015-05-20,17.07,27.25
2015-05-21,17.18,26.48
2015-05-22,17.25,26.83
2015-05-26,16.79,26.75
2015-05-27,16.65,27.73
2015-05-28,16.67,27.36
2015-05-29,16.7,27.66
2015-06-01,16.68,27.97
2015-06-02,16.8,29.09
2015-06-03,16.48,28.2
2015-06-04,16.1,27.41
2015-06-05,15.98,27.45
2015-06-08,15.96,27.39
2015-06-09,15.96,27.77
2015-06-10,15.96,28.19
2015-06-11,15.96,28.66
2015-06-12,15.83,28.33
2015-06-15,16.08,28.76
2015-06-16,15.97,26.7
2015-06-17,15.95,26.1
2015-06-18,16.15,26.61
2015-06-19,16.11,25.94
2015-06-22,16.18,26.52
2015-06-23,15.77,25.99
2015-06-24,15.89,26.47
2015-06-25,15.84,27.7
2015-06-26,15.77,26.82
2015-06-29,15.7,26.07
2015-06-30,15.58,25.35
2015-07-01,15.58,26.17
2015-07-02,15.56,26.99
2015-07-03,15.64,26.31
2015-07-06,15.75,26.41
2015-07-07,14.97,24.7
2015-07-08,15.16,27.25
2015-07-09,15.36,26.3
2015-07-10,15.48,26.63
2015-07-13,15.46,27.92
2015-07-14,15.32,26.98
2015-07-15,15.05,27.67
2015-07-16,14.98,26.53
2015-07-17,14.83,26.62
2015-07-20,14.76,26.15
2015-07-21,14.79,25.92
2015-07-22,14.73,26.48
2015-07-23,14.7,26.14
2015-07-24,14.49,25.1
2015-07-27,14.61,24.76
2015-07-28,14.64,24.99
2015-07-29,14.74,24.33
2015-07-30,14.7,24.8
2015-07-31,14.75,24.91
2015-08-03,14.52,23.49
2015-08-04,14.56,22.87
2015-08-05,14.55,24.38
2015-08-06,14.68,25.08
2015-08-07,14.82,24.64
2015-08-10,15.29,24.14
2015-08-11,15.28,24.57
2015-08-12,15.48,25
2015-08-13,15.4,30.08
2015-08-14,15.21,30.46
2015-08-17,15.35,29.49
2015-08-18,14.83,27.81
2015-08-19,15.22,26.76
2015-08-20,15.56,27.34
2015-08-21,15.35,28.92
2015-08-24,14.8,29.1
2015-08-25,14.65,29.66
2015-08-26,14.08,32.72
2015-08-27,14.44,29.87
2015-08-28,14.55,30.23
2015-08-31,14.59,29.9
2015-09-01,14.62,31.57
2015-09-02,14.67,31.9
2015-09-03,14.71,29.88
2015-09-04,14.55,27.81
2015-09-07,14.54,27.74
2015-09-08,14.76,27.1
2015-09-09,14.58,27.25
2015-09-10,14.65,27.52
2015-09-11,14.51,28.26
2015-09-14,14.36,29.08
2015-09-15,14.33,27.73
2015-09-16,14.89,27.53
2015-09-17,14.98,28.21
2015-09-18,15.16,28.16
2015-09-21,15.22,28.4
2015-09-22,14.76,28.16
2015-09-23,14.79,27.37
2015-09-24,15.13,28.9
2015-09-25,15.11,28.06
2015-09-28,14.54,29.21
2015-09-29,14.57,31.17
2015-09-30,14.52,35.68
2015-10-01,14.51,35.9
2015-10-02,15.26,37.72
2015-10-05,15.71,33.59
2015-10-06,15.98,33.7
2015-10-07,16.09,33.07
2015-10-08,15.77,33.82
2015-10-09,15.82,34.02
2015-10-12,15.86,33.25
2015-10-13,15.91,33.61
2015-10-14,16.12,33.49
2015-10-15,16.16,33.37
2015-10-16,16.11,33.29
2015-10-19,15.84,32.24
2015-10-20,15.92,32.66
2015-10-21,15.71,33.1
2015-10-22,15.84,32.55
2015-10-23,15.83,32.7
2015-10-26,15.91,31.47
2015-10-27,15.86,29.85
2015-10-28,16.29,28.72
2015-10-29,15.55,30.24
2015-10-30,15.57,29.37
2015-11-02,15.41,29.6
2015-11-03,15.24,28.75
2015-11-04,15.06,30.59
2015-11-05,14.98,30.5
2015-11-06,14.69,30.08
2015-11-09,14.41,29.76
2015-11-10,14.36,29.68
2015-11-11,14.26,30.59
2015-11-12,14.23,31.06
2015-11-13,14.2,30.22
2015-11-16,14.22,30.01
2015-11-17,14.2,29.46
2015-11-18,14.12,29.81
2015-11-19,14.25,29.14
2015-11-20,14.13,29.73
2015-11-23,14.06,28.01
2015-11-24,14.19,27.02
2015-11-25,14.18,27.42
2015-11-26,14.29,26.57
2015-11-27,14.05,26.93
2015-11-30,14.09,26.76
2015-12-01,14.08,26.52
2015-12-02,14.01,27.13
2015-12-03,14.08,26.9
2015-12-04,14.53,26.6
2015-12-07,14.33,26.53
2015-12-08,14.12,25.65
2015-12-09,14.19,26.19
2015-12-10,14.11,25.76
2015-12-11,13.88,26.31
2015-12-14,13.7,26.84
2015-12-15,13.77,26.77
2015-12-16,14.25,28.13
2015-12-17,13.7,28.86
2015-12-18,14.1,29.63
2015-12-21,14.32,30.06
2015-12-22,14.31,29.65
2015-12-23,14.29,28.81
2015-12-24,14.38,30.91
2015-12-28,13.88,30.38
2015-12-29,13.93,29.82
2015-12-30,13.84,28.86
2015-12-31,13.8,29.29
2016-01-04,13.84,28.74
2016-01-05,13.97,29.28
2016-01-06,13.98,29.37
2016-01-07,14.34,29.46
2016-01-08,13.92,28.95
2016-01-11,13.87,28.35
2016-01-12,13.75,28.46
2016-01-13,14.16,28.82
2016-01-14,13.75,27.31
2016-01-15,13.9,28.44
2016-01-18,13.88,28.22
2016-01-19,14.12,28.07
2016-01-20,14.16,28.4
2016-01-21,14.09,30.38
2016-01-22,14.06,30.01
2016-01-25,14.25,29.69
2016-01-26,14.56,27.78
2016-01-27,14.46,28.15
2016-01-28,14.23,26.65
2016-01-29,14.24,24.87
2016-02-01,14.34,23.58
2016-02-02,14.29,22.9
2016-02-03,14.73,23.19
2016-02-04,14.85,24.39
2016-02-05,14.78,25.59
2016-02-08,15.43,25.44
2016-02-09,15.45,25.04
2016-02-10,15.28,23.62
2016-02-11,15.79,24.38
2016-02-12,15.79,25.14
2016-02-15,15.26,24.6
2016-02-16,15.33,25.21
2016-02-17,15.38,26.38
2016-02-18,15.46,26.28
2016-02-19,15.4,25.12
2016-02-22,15.22,25.56
2016-02-23,15.28,26.55
2016-02-24,15.33,27.29
2016-02-25,15.2,28.17
2016-02-26,14.71,27.59
2016-02-29,14.92,27.01
2016-03-01,14.76,27.14
2016-03-02,15.02,26.89
2016-03-03,15.15,26.01
2016-03-04,15.69,26.15
2016-03-07,15.63,26.7
2016-03-08,15.39,25.64
2016-03-09,15.37,23.93
2016-03-10,15.55,23.25
2016-03-11,15.61,24.73
2016-03-14,15.52,24.69
2016-03-15,15.26,26.52
2016-03-16,15.22,25.69
2016-03-17,16.03,27.51
2016-03-18,15.81,29.34
2016-03-21,15.85,29
2016-03-22,15.89,29.03
2016-03-23,15.27,31.53
2016-03-24,15.2,30.49
2016-03-28,15.19,29.71
2016-03-29,15.23,28.93
2016-03-30,15.21,29.35
2016-03-31,15.46,31.3
2016-04-01,15.05,30.01
2016-04-04,14.94,28.3
2016-04-05,15.12,28.69
2016-04-06,15.05,31.24
2016-04-07,15.16,29.37
2016-04-08,15.38,27.09
2016-04-11,15.98,28.21
2016-04-12,16.22,28.34
2016-04-13,16.33,28.67
2016-04-14,16.17,30.56
2016-04-15,16.31,31.3
2016-04-18,16.25,29.97
2016-04-19,16.97,29.66
2016-04-20,17.18,28.98
2016-04-21,17.14,30.37
2016-04-22,16.95,28.62
2016-04-24,16.98,28.06
2016-04-25,17.06,27.27
2016-04-26,17.16,27.87
2016-04-27,17.34,29.67
2016-04-28,17.59,29.46
2016-04-29,17.82,28.3
2016-05-01,17.77,28.35
2016-05-02,17.68,26.52
2016-05-03,17.5,26.39
2016-05-04,17.3,26.44
2016-05-05,17.327,26.48
2016-05-06,17.527,27.08
2016-05-08,17.44,26.28
2016-05-09,17.089,26.06
2016-05-10,17.092,25.45
2016-05-11,17.319,25.43
2016-05-12,17.103,25.61
2016-05-13,17.132,25.85
2016-05-15,17.33,26.2
2016-05-16,17.154,25.95
2016-05-17,17.25,28.73
2016-05-18,17.132,29.68
2016-05-19,16.493,29.67
2016-05-20,16.532,28.69
2016-05-22,16.54,28.74
2016-05-23,16.423,28.12
2016-05-24,16.254,32.12
2016-05-25,16.261,32.16
2016-05-26,16.343,34.35
2016-05-27,16.269,34.15
2016-05-31,15.994,32.64
2016-06-01,15.927,32.34
2016-06-02,16.025,31.38
2016-06-03,16.365,31.68
2016-06-04,16.44,32.07
2016-06-06,16.447,32.39
2016-06-07,16.394,31.52
2016-06-08,16.985,30.46
2016-06-09,17.268,30.33
2016-06-10,17.33,30.7
2016-06-13,17.443,30.01
2016-06-14,17.424,29.57
2016-06-15,17.503,30.02
2016-06-16,17.607,29.72
2016-06-17,17.411,29.32
2016-06-20,17.514,29.92
2016-06-21,17.374,29.53
2016-06-22,17.367,29.9
2016-06-23,17.41,29.53
2016-06-24,17.839,28.95
2016-06-27,17.786,29.32
2016-06-28,17.889,28.75
2016-06-29,18.407,27.22
2016-06-30,18.623,26.03
2016-07-01,19.588,26.11
2016-07-04,20.41,26.12
2016-07-05,19.907,25.68
2016-07-06,20.203,24.89
2016-07-07,19.838,25.83
2016-07-08,20.099,26.35
2016-07-11,20.304,26.36
2016-07-12,20.171,28.14
2016-07-13,20.413,30.51
2016-07-14,20.322,30.51
2016-07-15,20.165,32.34
2016-07-18,20.075,32.17
2016-07-19,20.007,32.85
2016-07-20,19.613,32.34
2016-07-21,19.815,32.01
2016-07-22,19.689,31.33
2016-07-25,19.647,30.51
2016-07-26,19.683,30.93
2016-07-27,19.995,29.94
2016-07-28,20.192,31.16
2016-07-29,20.347,31.23
2016-08-01,20.5,28.93
2016-08-02,20.701,29.23
2016-08-03,20.471,29.29
2016-08-04,20.443,33.35
2016-08-05,19.817,37.69
2016-08-08,19.805,36.23
2016-08-09,19.85,33.1
2016-08-10,20.17,32.56
2016-08-11,20.02,34.16
2016-08-12,19.703,32.33
2016-08-15,19.847,31.75
2016-08-16,19.874,31.6
2016-08-17,19.648,29.62
2016-08-18,19.74,28.94
2016-08-19,19.449,27.5
2016-08-22,18.998,28.58
2016-08-23,19.065,29.61
2016-08-24,18.688,29.68
2016-08-25,18.615,29.81
2016-08-26,18.745,29.34
2016-08-29,18.859,31.99
2016-08-30,18.673,29.28
2016-08-31,18.707,30.19
2016-09-01,18.943,30.53
2016-09-02,19.366,30.8
2016-09-05,19.615,28.2
2016-09-06,20.138,27.86
2016-09-07,19.848,26.07
2016-09-08,19.678,25.76
2016-09-09,19.368,24.84
2016-09-12,19,26.07
2016-09-13,18.975,25.67
2016-09-14,19.066,24.02
2016-09-15,19.041,23.54
2016-09-16,18.862,24.18
2016-09-19,19.29,24.24
2016-09-20,19.277,24.1
2016-09-21,19.768,24.5
2016-09-22,20.099,25.74
2016-09-23,19.81,26.35
2016-09-26,19.596,26.72
2016-09-27,19.165,26.18
2016-09-28,19.121,25.67
2016-09-29,19.188,25.8
2016-09-30,19.214,25.53
2016-10-03,18.868,24.95
2016-10-04,17.775,25.96
2016-10-05,17.695,24.35
2016-10-06,17.345,26.77
2016-10-07,17.38,24.95
2016-10-10,17.659,24.61
2016-10-11,17.509,26.69
2016-10-12,17.505,27.36
2016-10-13,17.458,26.93
2016-10-14,17.441,27.33
2016-10-17,17.474,25.9
2016-10-18,17.638,24.33
2016-10-19,17.663,26.25
2016-10-20,17.549,26.17
2016-10-21,17.493,26.9
2016-10-24,17.604,25.78
2016-10-25,17.78,24.57
2016-10-26,17.626,24.9
2016-10-27,17.639,25.43
2016-10-28,17.796,24.23
2016-10-31,17.796,23.02
2016-11-01,18.418,23.45
2016-11-02,18.693,24.52
2016-11-03,18.416,27.28
2016-11-04,18.371,28.16
2016-11-07,18.151,27.58
2016-11-08,18.356,27.8
2016-11-09,18.378,27.73
2016-11-10,18.737,27.47
2016-11-11,17.382,27.02
2016-11-14,16.893,26.5
2016-11-15,17.043,25.61
2016-11-16,16.927,25.26
2016-11-17,16.875,25.46
2016-11-18,16.721,25.29
2016-11-21,16.621,24.76
2016-11-22,16.735,24.77
2016-11-23,16.485,25.67
2016-11-24,16.4,25.43
2016-11-25,16.554,25.27
2016-11-28,16.675,24.89
2016-11-29,16.74,25.65
2016-11-30,16.482,26.15
2016-12-01,16.506,28.77
2016-12-02,16.832,28.82
2016-12-05,16.899,28.51
2016-12-06,16.81,30.54
2016-12-07,17.275,29.17
2016-12-08,17.096,29.5
2016-12-09,16.967,26.45
2016-12-12,17.187,27.66
2016-12-13,16.977,31.85
2016-12-14,17.221,30.69
2016-12-15,15.958,26.59
2016-12-16,16.215,25.9
2016-12-19,16.089,26.03
2016-12-20,16.117,25.93
2016-12-21,15.979,24.41
2016-12-22,15.871,24.76
2016-12-23,15.759,27.02
2016-12-26,15.785,27.76
2016-12-27,15.989,26.99
2016-12-28,16.038,26.3
2016-12-29,16.218,27.22
2016-12-30,15.989,27.8
2017-01-03,16.409,26.76
2017-01-04,16.552,26.88
2017-01-05,16.637,26.6
2017-01-06,16.519,26.89
2017-01-09,16.683,25.56
2017-01-10,16.848,25.09
2017-01-11,16.828,24.1
2017-01-12,16.825,24.18
2017-01-13,16.765,25.2
2017-01-16,16.825,27.9
2017-01-17,17.148,26.72
2017-01-18,17.274,26.48
2017-01-19,17.002,28.87
2017-01-20,17.032,27.63
2017-01-23,17.186,27.86
2017-01-24,17.185,28.76
2017-01-25,16.98,29.77
2017-01-26,16.85,28.78
2017-01-27,17.136,27.7
2017-01-30,17.152,27.44
2017-01-31,17.543,28.08
2017-02-01,17.45,26.54
2017-02-02,17.429,26.13
2017-02-03,17.479,25.74
2017-02-06,17.693,25.56
2017-02-07,17.756,24.29
2017-02-08,17.705,24.18
2017-02-09,17.741,23.28
2017-02-10,17.933,23.26
2017-02-13,17.821,24.24
2017-02-14,17.889,22.98
2017-02-15,18.033,23.78
2017-02-16,18.146,23.29
2017-02-17,18.103,23.32
2017-02-20,18.125,23.11
2017-02-21,18.074,22.55
2017-02-22,18.022,22.32
2017-02-23,18.185,22.63
2017-02-24,18.406,23.6
2017-02-27,18.417,24.13
2017-02-28,18.469,23.56
2017-03-01,18.489,23.02
2017-03-02,17.748,23.12
2017-03-03,17.74,23.5
2017-03-06,17.773,23.96
2017-03-07,17.536,23.9
2017-03-08,17.298,23.3
2017-03-09,17.036,23.41
2017-03-10,16.923,23.94
2017-03-13,16.972,23.55
2017-03-14,16.923,22.8
2017-03-15,16.923,22.55
2017-03-16,17.33,21.34
2017-03-17,17.413,21.52
2017-03-20,17.438,20.77
2017-03-21,17.583,20.99
2017-03-22,17.578,20.88
2017-03-23,17.593,20.86
2017-03-24,17.748,21.46
2017-03-27,18.108,20.6
2017-03-28,18.252,22.17
2017-03-29,18.252,21.26
2017-03-30,18.206,20.96
2017-03-31,18.256,20.57
2017-04-03,18.212,21.69
2017-04-04,18.323,23.87
2017-04-05,18.187,22.03
2017-04-06,18.246,21.14
2017-04-07,18.151,22.21
2017-04-10,17.915,21.15
2017-04-11,18.254,19.62
2017-04-12,18.3,18.69
2017-04-13,18.51,18.71
2017-04-17,18.514,19.79
2017-04-18,18.272,19.85
2017-04-19,18.162,19.35
2017-04-20,18.098,18.98
2017-04-21,17.937,20.19
2017-04-24,17.932,19.9
2017-04-25,17.659,19.55
2017-04-26,17.431,19.67
2017-04-27,17.334,19.24
2017-04-28,17.262,19.73
2017-05-01,16.842,19.84
2017-05-02,16.831,20.32
2017-05-03,16.546,20.32
2017-05-04,16.303,21.55
2017-05-05,16.274,21.87
2017-05-08,16.258,22.75
2017-05-09,16.067,22.42
2017-05-10,16.207,22.39
2017-05-11,16.265,22.24
2017-05-12,16.402,22.09
2017-05-15,16.603,21.91
2017-05-16,16.747,21.93
2017-05-17,16.906,22.03
2017-05-18,16.67,21.87
2017-05-19,16.796,19.67
2017-05-22,17.191,20.32
2017-05-23,17.139,20.92
2017-05-24,17.117,21.79
2017-05-25,17.193,21.57
2017-05-26,17.323,23.12
2017-05-29,17.4,21.98
2017-05-30,17.427,23.31
2017-05-31,17.406,23.49
2017-06-01,17.281,23.13
2017-06-02,17.525,22.12
2017-06-05,17.581,20.88
2017-06-06,17.71,20.87
2017-06-07,17.62,20.87
2017-06-08,17.414,19.54
2017-06-09,17.223,19.16
2017-06-12,16.944,18.75
2017-06-13,16.767,19.67
2017-06-14,17.136,19.55
2017-06-15,16.716,19.49
2017-06-16,16.661,20.67
2017-06-19,16.502,20.22
2017-06-20,16.476,19.78
2017-06-21,16.434,18.68
2017-06-22,16.573,18.76
2017-06-23,16.707,19.45
2017-06-26,16.631,20.15
2017-06-27,16.651,19.7
2017-06-28,16.791,19.46
2017-06-29,16.654,20.03
2017-06-30,16.627,20.39
2017-07-03,16.092,20.03
2017-07-04,16.055,19.33
2017-07-05,15.896,19.33
2017-07-06,15.983,19.12
2017-07-07,15.425,18.93
2017-07-10,15.629,18.12
2017-07-11,15.745,17.85
2017-07-12,15.887,17.09
2017-07-13,15.691,17.72
2017-07-14,15.933,17.66
2017-07-17,16.099,17.64
2017-07-18,16.268,17.82
2017-07-19,16.297,17.32
2017-07-20,16.345,19.08
2017-07-21,16.457,18.72
2017-07-24,16.443,17.98
2017-07-25,16.542,17.48
2017-07-26,16.459,16.58
2017-07-27,16.573,19.53
2017-07-28,16.695,20.22
2017-07-31,16.786,19.96
2017-08-01,16.764,22.55
2017-08-02,16.733,23.63
2017-08-03,16.63,22.41
2017-08-04,16.252,21.14
2017-08-07,16.251,20.62
2017-08-08,16.389,20.25
2017-08-09,16.863,20.26
2017-08-10,17.065,20.34
2017-08-11,17.07,19.64
2017-08-14,17.122,19.13
2017-08-15,16.714,19.73
2017-08-16,16.94,20.26
2017-08-17,17.053,19.99
2017-08-18,17,20.37
2017-08-21,17.096,19.65
2017-08-22,17.06,19.15
2017-08-23,17.126,19.76
2017-08-24,17.046,19.1
2017-08-25,17.132,19.44
2017-08-28,17.529,19.66
2017-08-29,17.516,19.18
2017-08-30,17.503,19.36
2017-08-31,17.575,18.81
2017-09-01,17.816,19.49
2017-09-04,17.98,20.87
2017-09-05,17.941,20.95
2017-09-06,17.91,19.52
2017-09-07,18.116,20.6
2017-09-08,18.123,21.84
2017-09-11,17.902,22.18
2017-09-12,17.89,22.56
2017-09-13,17.867,22.47
2017-09-14,17.789,22.34
2017-09-15,17.701,21.88
2017-09-18,17.156,22.15
2017-09-19,17.279,21.91
2017-09-20,17.334,23
2017-09-21,17.018,23.03
2017-09-22,16.984,21.59
2017-09-25,17.147,22.05
2017-09-26,16.883,21.13
2017-09-27,16.827,22.65
2017-09-28,16.847,21.61
2017-09-29,16.676,21.56
2017-10-02,16.654,20.33
2017-10-03,16.65,19.3
2017-10-04,16.624,18.58
2017-10-05,16.638,18.84
2017-10-06,16.79,18.91
2017-10-09,16.971,18.72
2017-10-10,17.207,19.95
2017-10-11,17.133,20.3
2017-10-12,17.266,19.64
2017-10-13,17.411,19.58
2017-10-16,17.369,19.55
2017-10-17,17.041,20.55
2017-10-18,16.997,19.67
2017-10-19,17.255,19.82
2017-10-20,17.078,19.64
2017-10-23,17.075,19.02
2017-10-24,16.966,19.14
2017-10-25,16.925,18.98
2017-10-26,16.811,18.73
2017-10-27,16.752,18.81
2017-10-30,16.847,18.4
2017-10-31,16.693,19.21
2017-11-01,17.176,20.39
2017-11-02,17.137,20.35
2017-11-03,16.834,20.35
2017-11-06,17.235,18.85
2017-11-07,16.94,18.15
2017-11-08,17.138,18.3
2017-11-09,16.975,18.65
2017-11-10,16.871,18.52
2017-11-13,17.047,19.06
2017-11-14,17.073,19.09
2017-11-15,16.971,19.28
2017-11-16,17.072,19.1
2017-11-17,17.373,18.92
2017-11-20,16.842,19.09
2017-11-21,16.96,19.22
2017-11-22,17.112,19.94
2017-11-23,17.175,18.95
2017-11-24,16.992,18.57
2017-11-27,17.026,19.58
2017-11-28,16.8348,19.45
2017-11-29,16.478,19.88
2017-11-30,16.4052,20.19
2017-12-01,16.322,19.49
2017-12-04,16.306,20.1
2017-12-05,16,20.11
2017-12-06,15.886,20.24
2017-12-07,15.721,19.6
2017-12-08,15.744,19.32
2017-12-11,15.71,19.06
2017-12-12,15.593,18.92
2017-12-13,15.798,19.1
2017-12-14,15.864,19.34
2017-12-15,15.993,19.57
2017-12-18,16.132,18.73
2017-12-19,16.079,18.6
2017-12-20,16.197,19.15
2017-12-21,16.159,18.86
2017-12-22,16.36,18.76
2017-12-26,16.5504,19.13
2017-12-27,16.7026,19.51
2017-12-28,16.8866,19.27
2017-12-29,17.128,20.86
2018-01-02,17.206,19.48
2018-01-03,17.267,19.36
2018-01-04,17.269,19.53
2018-01-05,17.285,18.43
2018-01-08,17.144,19.15
2018-01-09,17.01,18.38
2018-01-10,17.035,17.86
2018-01-11,16.966,18.15
2018-01-12,17.141,18.11
2018-01-15,17.355,17.9
2018-01-16,17.189,17.71
2018-01-17,17.166,18.41
2018-01-18,16.954,19.11
2018-01-19,17.036,18.24
2018-01-22,16.989,17.92
2018-01-23,16.913,18.53
2018-01-24,17.489,19.66
2018-01-25,17.615,18.38
2018-01-26,17.441,18.69
2018-01-29,17.127,18.33
2018-01-30,17.058,18.22
2018-01-31,17.241,17.92
2018-02-01,17.155,18.09
2018-02-02,16.709,17.7
2018-02-05,16.671,18.55
2018-02-06,16.58,37.67
2018-02-07,16.238,19.12
2018-02-08,16.341,18.2
2018-02-09,16.139,18.6
2018-02-12,16.57,18.27
2018-02-13,16.528,18.07
2018-02-14,16.878,18.3
2018-02-15,16.796,21.66
2018-02-16,16.712,20.37
2018-02-19,16.66,19.86
2018-02-20,16.438,21.08
2018-02-21,16.617,20.11
2018-02-22,16.587,20.23
2018-02-23,16.497,19.83
2018-02-26,16.5788,20.42
2018-02-27,16.3988,21.82
2018-02-28,16.3904,21.13
2018-03-01,16.276,21.24
2018-03-02,16.466,22.19
2018-03-05,16.412,22.79
2018-03-06,16.784,21.24
2018-03-07,16.494,22.25
2018-03-08,16.5,22.96
2018-03-09,16.608,22.45
2018-03-12,16.536,21.6
2018-03-13,16.627,20.92
2018-03-14,16.537,20.51
2018-03-15,16.422,19.43
2018-03-16,16.272,18.79
2018-03-19,16.325,19.17
2018-03-20,16.185,19.68
2018-03-21,16.419,19.45
2018-03-22,16.387,20.81
2018-03-23,16.582,19.97
2018-03-26,16.684,19.63
2018-03-27,16.541,21.57
2018-03-28,16.253,20.57
2018-03-29,16.268,19.86
2018-04-02,16.672,19.12
2018-04-03,16.392,19
2018-04-04,16.254,18
2018-04-05,16.355,17.97
2018-04-06,16.362,17.2
2018-04-09,16.529,17.43
2018-04-10,16.596,17.78
2018-04-11,16.768,18.57
2018-04-12,16.473,18.01
2018-04-13,16.658,17.75
2018-04-16,16.677,18.94
2018-04-17,16.787,19.24
2018-04-18,17.248,18.94
2018-04-19,17.239,18.41
2018-04-20,17.163,18.4
2018-04-23,16.587,19.21
2018-04-24,16.703,20.02
2018-04-25,16.517,19.3
2018-04-26,16.5214,19.71
2018-04-27,16.4606,19.23
2018-04-30,16.3832,18.99
2018-05-01,16.127,19.66
2018-05-02,16.375,20.33
2018-05-03,16.447,22.02
2018-05-04,16.519,19.54
2018-05-07,16.495,19.57
2018-05-08,16.472,20.28
2018-05-09,16.539,19.51
2018-05-10,16.759,20.7
2018-05-11,16.752,20.96
2018-05-14,16.645,20.33
2018-05-15,16.269,19.46
2018-05-16,16.371,19.89
2018-05-17,16.481,19.45
2018-05-18,16.455,18.88
2018-05-21,16.52,18.75
2018-05-22,16.575,19.58
2018-05-23,16.405,20.51
2018-05-24,16.687,20.3
2018-05-25,16.546,19.39
2018-05-29,16.373,19.76
2018-05-30,16.544,20.45
2018-05-31,16.458,20.38
2018-06-01,16.441,19.61
2018-06-04,16.431,19.61
2018-06-05,16.543,19.61
2018-06-06,16.694,18.87
2018-06-07,16.815,19.63
2018-06-08,16.741,19.36
2018-06-11,16.952,19.16
2018-06-12,16.891,18.39
2018-06-13,16.991,18.92
2018-06-14,17.262,18.97
2018-06-15,16.48,19.33
2018-06-18,16.44,18.68
2018-06-19,16.323,17.7
2018-06-20,16.309,19.08
2018-06-21,16.326,18.3
2018-06-22,16.459,18.09
2018-06-25,16.328,17.67
2018-06-26,16.2662,17.94
2018-06-27,16.1854,17.4
2018-06-28,16.005,17.4
2018-06-29,16.1792,17.4
2018-07-02,15.835,17.4
2018-07-03,16.043,19.45
2018-07-05,16.097,18.3
2018-07-06,16.069,18.55
2018-07-09,16.139,18.17
2018-07-10,16.087,18.08
2018-07-11,15.817,18.05
2018-07-12,15.977,18.22
2018-07-13,15.815,18.23
2018-07-16,15.812,18.28
2018-07-17,15.617,17.91
2018-07-18,15.574,18.12
2018-07-19,15.402,18.41
2018-07-20,15.549,19.06
2018-07-23,15.425,18.32
2018-07-24,15.52,18.32
2018-07-25,15.589,18.32
2018-07-26,15.495,18.56
2018-07-27,15.493,18.66
2018-07-30,15.537,17.63
2018-07-31,15.559,17.63
2018-08-01,15.452,18.3
2018-08-02,15.385,18.98
2018-08-03,15.462,18.98
2018-08-06,15.348,18.98
2018-08-07,15.373,18.75
2018-08-08,15.432,19.71
2018-08-09,15.462,18.86
2018-08-10,15.295,20.13
2018-08-13,14.982,19.46
2018-08-14,15.053,19.28
2018-08-15,14.454,18.86
2018-08-16,14.713,18.1
2018-08-17,14.631,18.35
2018-08-20,14.67,17.17
2018-08-21,14.766,17.35
2018-08-22,14.75,17.17
2018-08-23,14.542,17.67
2018-08-24,14.794,17.93
2018-08-27,14.859,17.48
2018-08-28,14.799,17.52
2018-08-29,14.7422,18.28
2018-08-30,14.5472,17.9
2018-08-31,14.5332,17.9
2018-09-04,14.18,17.9
2018-09-05,14.22,18.52
2018-09-06,14.181,18.11
2018-09-07,14.17,20.7
2018-09-10,14.181,19.64
2018-09-11,14.153,19
2018-09-12,14.293,19.45
2018-09-13,14.244,19.41
2018-09-14,14.142,19.6
2018-09-17,14.223,19.52
2018-09-18,14.185,19.28
2018-09-19,14.28,19.67
2018-09-20,14.305,18.8
2018-09-21,14.359,18.08
2018-09-24,14.341,18.19
2018-09-25,14.493,17.65
2018-09-26,14.401,18.55
2018-09-27,14.29,19.45
2018-09-28,14.712,19.45
2018-10-01,14.507,19.28
2018-10-02,14.693,19.2
2018-10-03,14.67,19.2
2018-10-04,14.59,19.82
2018-10-05,14.649,19.82
2018-10-08,14.329,19.82
2018-10-09,14.4,18.4
2018-10-10,14.326,18.5
2018-10-11,14.606,18.89
2018-10-12,14.635,19.19
2018-10-15,14.727,19.41
2018-10-16,14.701,19.82
2018-10-17,14.663,20.65
2018-10-18,14.604,19.54
2018-10-19,14.65,19.79
2018-10-22,14.587,19.18
2018-10-23,14.793,19.63
2018-10-24,14.676,19.87
2018-10-25,14.63,19.87
2018-10-26,14.7,20.07
2018-10-29,14.442,19.8
2018-10-30,14.462,20.87
2018-10-31,14.282,20.54
2018-11-01,14.777,20.55
2018-11-02,14.756,22.62
2018-11-05,14.647,22.62
2018-11-06,14.5,20.86
2018-11-07,14.569,20.14
2018-11-08,14.423,19.94
2018-11-09,14.14,19.78
2018-11-12,14.011,18.87
2018-11-13,13.977,19.36
2018-11-14,14.08,20.05
2018-11-15,14.263,20.67
2018-11-16,14.382,20.03
2018-11-19,14.403,20.39
2018-11-20,14.269,20.76
2018-11-21,14.502,20.88
2018-11-23,14.243,21.03
2018-11-26,14.205,21.51
2018-11-27,14.0944,20.8
2018-11-28,14.3438,21.68
2018-11-29,14.2958,21.69
2018-11-30,14.1268,21.69
2018-12-03,14.41,21
2018-12-04,14.552,21
2018-12-05,14.492,22.3
2018-12-06,14.42,22.55
2018-12-07,14.606,22.32
2018-12-10,14.513,23.89
2018-12-11,14.533,23.77
2018-12-12,14.755,22.18
2018-12-13,14.76,22.32
2018-12-14,14.542,21.65
2018-12-17,14.664,22.79
2018-12-18,14.607,23.38
2018-12-19,14.723,23.08
2018-12-20,14.755,22.28
2018-12-21,14.586,21.36
2018-12-24,14.704,21.37
2018-12-26,15.0302,20.69
2018-12-27,15.2458,19.35
2018-12-28,15.392,19.26
2018-12-31,15.5186,19.1
2019-01-02,15.649,19.09
2019-01-03,15.797,19.09
2019-01-04,15.786,19.09
2019-01-07,15.756,19.09
2019-01-08,15.713,19.09
2019-01-09,15.735,18.25
2019-01-10,15.643,19
2019-01-11,15.656,18.55
2019-01-14,15.686,19.68
2019-01-15,15.62,19.06
2019-01-16,15.638,22.02
2019-01-17,15.536,22.34
2019-01-18,15.399,22.66
2019-01-22,15.325,23.06
2019-01-23,15.38,22.7
2019-01-24,15.3,21.82
2019-01-25,15.699,21.7
2019-01-28,15.765,21.7
2019-01-29,15.839,21.7
2019-01-30,15.927,21.7
2019-01-31,16.072,21.7
2019-02-01,15.931,17.92
2019-02-04,15.886,17.59
2019-02-05,15.836,17.07
2019-02-06,15.701,17.13
2019-02-07,15.713,17
2019-02-08,15.809,17.27
2019-02-11,15.69,16.91
2019-02-12,15.69,16.91
2019-02-13,15.652,17.12
2019-02-14,15.528,17.36
2019-02-15,15.743,17.36
2019-02-19,15.967,17.76
2019-02-20,16.177,17.25
2019-02-21,15.801,17.09
2019-02-22,15.914,17.09
2019-02-25,15.8496,17.09
2019-02-26,15.8696,17.09
2019-02-27,15.7284,15.85
2019-02-28,15.6148,15.83
2019-03-01,15.256,15.6
2019-03-04,15.105,15.77
2019-03-05,15.105,16.05
2019-03-06,15.085,16.65
2019-03-07,15.04,17.25
2019-03-08,15.349,17.51
2019-03-11,15.274,17.51
2019-03-12,15.413,16.34
2019-03-13,15.456,16.74
2019-03-14,15.171,16.74
2019-03-15,15.324,15.18
2019-03-18,15.322,15.18
2019-03-19,15.372,15.18
2019-03-20,15.318,14.91
2019-03-21,15.437,14.9
2019-03-22,15.407,14.89
2019-03-25,15.567,14.96
2019-03-26,15.429,15.04
2019-03-27,15.298,15.65
2019-03-28,14.973,15.57
2019-03-29,15.11,15.6
2019-04-01,15.099,15.6
2019-04-02,15.061,15.6
2019-04-03,15.102,16.89
2019-04-04,15.084,16.71
2019-04-05,15.086,17.37
2019-04-08,15.216,17.43
2019-04-09,15.211,16.95
2019-04-10,15.244,17.31
2019-04-11,14.867,17.31
2019-04-12,14.963,17.31
2019-04-15,14.975,16.54
2019-04-16,14.915,16.59
2019-04-17,14.939,16.32
2019-04-18,14.955,15.66
2019-04-22,14.975,16.07
2019-04-23,14.791,16.5
2019-04-24,14.916,16.73
2019-04-25,14.8952,16.73
2019-04-26,15.0382,16.73
2019-04-29,14.8974,16.84
2019-04-30,14.9672,17.21
2019-05-01,14.729,17.75
2019-05-02,14.617,17.75
2019-05-03,14.978,17.75
2019-05-06,14.927,16.01
2019-05-07,14.926,15.08
2019-05-08,14.862,15.18
2019-05-09,14.773,15.46
2019-05-10,14.79,15.33
2019-05-13,14.777,15.86
2019-05-14,14.812,15.78
2019-05-15,14.812,15.92
2019-05-16,14.539,16.23
2019-05-17,14.388,17.29
2019-05-20,14.445,17.29
2019-05-21,14.41,18.25
2019-05-22,14.449,18.19
2019-05-23,14.613,18.32
2019-05-24,14.555,18.29
2019-05-28,14.32,18.29
2019-05-29,14.411,18.29
2019-05-30,14.491,18.2
2019-05-31,14.567,18.2
2019-06-03,14.74,18.09
2019-06-04,14.769,18.99
2019-06-05,14.791,18.33
2019-06-06,14.905,21.46
2019-06-07,15.031,20.23
2019-06-10,14.639,22.24
2019-06-11,14.74,21.56
2019-06-12,14.753,19.74
2019-06-13,14.892,19.75
2019-06-14,14.803,19.95
2019-06-17,14.829,19.51
2019-06-18,14.993,20.08
2019-06-19,14.958,20.08
2019-06-20,15.492,19.73
2019-06-21,15.29,19.71
2019-06-24,15.377,19.71
2019-06-25,15.3166,19.71
2019-06-26,15.3264,19.71
2019-06-27,15.2584,19.71
2019-06-28,15.3234,23.66
2019-07-01,15.193,26.43
2019-07-02,15.238,25.36
2019-07-03,15.336,23.62
2019-07-05,15.001,23.66
2019-07-08,15.05,24.03
2019-07-09,15.147,21.11
2019-07-10,15.226,20.34
2019-07-11,15.146,20.99
2019-07-12,15.236,21.28
2019-07-15,15.365,19.87
2019-07-16,15.678,21.97
2019-07-17,15.971,20.68
2019-07-18,16.198,22.94
2019-07-19,16.195,22.94
2019-07-22,16.411,26.34
2019-07-23,16.476,27.01
2019-07-24,16.626,26.23
2019-07-25,16.411,26.42
2019-07-26,16.397,26.37
2019-07-29,16.44,26.66
2019-07-30,16.558,26.17
2019-07-31,16.405,24.34
2019-08-01,16.18,23.55
2019-08-02,16.27,24.2
2019-08-05,16.393,24.7
2019-08-06,16.445,23.85
2019-08-07,17.196,28.34
2019-08-08,16.936,28.23
2019-08-09,16.931,29.9
2019-08-12,17.071,30.49
2019-08-13,16.985,26.78
2019-08-14,17.28,27.26
2019-08-15,17.214,29.64
2019-08-16,17.122,32.02
2019-08-19,16.94,33.3
2019-08-20,17.148,31.18
2019-08-21,17.151,32.48
2019-08-22,17.04,30.22
2019-08-23,17.413,29.84
2019-08-26,17.641,29.34
2019-08-27,18.182,29.6
2019-08-28,18.3732,27.96
2019-08-29,18.2606,30.35
2019-08-30,18.3106,30.69
2019-09-03,19.237,29.08
2019-09-04,19.547,27.69
2019-09-05,18.807,29.74
2019-09-06,18.119,32.23
2019-09-09,18.167,32.57
2019-09-10,18.186,27.36
2019-09-11,18.17,27.76
2019-09-12,18.177,27.57
2019-09-13,17.569,26.7
2019-09-16,18.026,27.65
2019-09-17,18.14,28.39
2019-09-18,17.919,28.11
2019-09-19,17.884,26.71
2019-09-20,17.849,27.14
2019-09-23,18.711,27.91
2019-09-24,18.628,27.68
2019-09-25,18.073,26.54
2019-09-26,17.912,26.63
2019-09-27,17.652,27.1
2019-09-30,16.998,26.05
2019-10-01,17.302,25.77
2019-10-02,17.683,23.86
2019-10-03,17.676,24.49
2019-10-04,17.625,24.27
2019-10-07,17.54,23.6
2019-10-08,17.7,23.28
2019-10-09,17.81,24.39
2019-10-10,17.602,26.41
2019-10-11,17.544,25.32
2019-10-14,17.71,25.18
2019-10-15,17.384,24.25
2019-10-16,17.427,24.28
2019-10-17,17.612,23.7
2019-10-18,17.578,23.61
2019-10-21,17.602,22.36
2019-10-22,17.5,22.58
2019-10-23,17.58,21.76
2019-10-24,17.804,21.19
2019-10-25,17.926,21.66
2019-10-28,17.876,21.05
2019-10-29,17.831,20.69
2019-10-30,17.867,20.94
2019-10-31,18.067,19.49
2019-11-01,18.052,19.74
2019-11-04,18.066,20.01
2019-11-05,17.568,20.2
2019-11-06,17.598,19.67
2019-11-07,17.01,19.43
2019-11-08,16.823,18.26
2019-11-11,16.802,18.29
2019-11-12,16.692,17.44
2019-11-13,16.913,17.79
2019-11-14,17.028,18.13
2019-11-15,16.948,18.23
2019-11-18,17,20.24
2019-11-19,17.118,19.03
2019-11-20,17.115,18.36
2019-11-21,17.065,18.1
2019-11-22,17,17.83
2019-11-25,16.8966,17.57
2019-11-26,17.0654,17.26
2019-11-27,16.942,17.53
2019-11-29,17.0042,17.53
2019-12-02,16.87,16.82
2019-12-03,17.158,16.4
2019-12-04,16.835,16.15
2019-12-05,16.97,15.91
2019-12-06,16.507,15.38
2019-12-09,16.548,17.94
2019-12-10,16.612,19.97
2019-12-11,16.76,20.5
2019-12-12,16.862,19.53
2019-12-13,16.93,20.66
2019-12-16,17.029,20.57
2019-12-17,16.986,21.16
2019-12-18,16.96,21.74
2019-12-19,17.072,21.75
2019-12-20,17.143,22.76
2019-12-23,17.42,23.25
2019-12-24,17.769,21.75
2019-12-26,17.9268,20.86
2019-12-27,17.8872,20.96
2019-12-30,17.9638,20.92
2019-12-31,17.9024,20.69
2020-01-02,18.046,20.72
2020-01-03,18.151,20.72
2020-01-06,18.179,20.72
2020-01-07,18.393,19.48
2020-01-08,18.167,18.23
2020-01-09,17.936,17.77
2020-01-10,18.105,18.41
2020-01-13,17.996,19.11
2020-01-14,17.742,19.38
2020-01-15,17.988,19.66
2020-01-16,17.939,19.64
2020-01-17,18.073,19.64
2020-01-21,17.808,21.4
2020-01-22,17.828,21.65
2020-01-23,17.829,21.03
2020-01-24,18.113,20.31
2020-01-27,18.056,20.6
2020-01-28,17.458,19.91
2020-01-29,17.487,20.82
2020-01-30,17.992,20.35
2020-01-31,18.012,20.35
2020-02-03,17.67,20.08
2020-02-04,17.561,20.08
2020-02-05,17.602,21.75
2020-02-06,17.818,23.41
2020-02-07,17.692,23.75
2020-02-10,17.785,22.73
2020-02-11,17.597,24.73
2020-02-12,17.497,26.06
2020-02-13,17.619,23.55
2020-02-14,17.734,22.65
2020-02-18,18.15,23.61
2020-02-19,18.311,29.43
2020-02-20,18.319,25.45
2020-02-21,18.53,29.65
2020-02-24,18.876,25.71
2020-02-25,18.2064,30.68
2020-02-26,17.866,31.24
2020-02-27,17.7042,36.1
2020-02-28,16.443,27.47
2020-03-02,16.739,30.9
2020-03-03,17.188,35.95
2020-03-04,17.246,54.79
2020-03-05,17.393,76.69
2020-03-06,17.263,84
2020-03-09,17.054,100.66
2020-03-10,16.955,87.87
2020-03-11,16.776,78.07
2020-03-12,16.005,76.22
2020-03-13,14.5,70.69
2020-03-16,12.816,63.57
2020-03-17,12.495,60.09
2020-03-18,11.772,63.15
2020-03-19,12.134,56.46
2020-03-20,12.385,49.33
2020-03-23,13.261,52.58
2020-03-24,14.257,54.57
2020-03-25,14.873,53.72
2020-03-26,14.676,54.9
2020-03-27,14.534,55.63
2020-03-30,14.132,48.58
2020-03-31,14.156,50.37
2020-04-01,13.984,52.79
2020-04-02,14.654,55.2
2020-04-03,14.494,51.64
2020-04-06,15.169,49.08
2020-04-07,15.48,47.34
2020-04-08,15.205,44.87
2020-04-09,16.053,43.63
2020-04-13,15.537,52.66
2020-04-14,16.13,51.66
2020-04-15,15.505,52.12
2020-04-16,15.622,51.15
2020-04-17,15.295,47.73
2020-04-20,15.614,44.51
2020-04-21,14.876,44.46
2020-04-22,15.335,44.05
2020-04-23,15.357,42.54
2020-04-24,15.263,43.84
2020-04-27,15.2362,42.93
2020-04-28,15.2338,42.48
2020-04-29,15.253,44.88
2020-04-30,14.958,44.56
2020-05-01,14.938,40.64
2020-05-04,14.796,36.78
2020-05-05,15.11,37.06
2020-05-06,15.015,39.27
2020-05-07,15.59,41.64
2020-05-08,15.778,40.13
2020-05-11,15.68,40.89
2020-05-12,15.709,40.27
2020-05-13,15.671,35.85
2020-05-14,16.156,37.42
2020-05-15,17.07,36.76
2020-05-18,17.468,36.1
2020-05-19,17.901,33.95
2020-05-20,18.031,33.78
2020-05-21,17.364,36.88
2020-05-22,17.693,37.15
2020-05-26,17.595,35.45
2020-05-27,17.757,36.38
2020-05-28,17.967,33.66
2020-05-29,18.499,33.95
2020-06-01,18.827,35.89
2020-06-02,18.26,37.36
2020-06-03,17.958,39.45
2020-06-04,18.061,41.15
2020-06-05,17.479,37.89
2020-06-08,17.893,41.17
2020-06-09,17.794,39.19
2020-06-10,17.796,37.35
2020-06-11,17.889,36.49
2020-06-12,17.482,38.48
2020-06-15,17.399,38.21
2020-06-16,17.652,39.86
2020-06-17,17.775,36.29
2020-06-18,17.508,34.88
2020-06-19,17.847,35.08
2020-06-22,17.902,35.75
2020-06-23,18.063,36
2020-06-24,17.67,33.82
2020-06-25,17.9262,31.7
2020-06-26,18.0882,32.33
2020-06-29,18.0304,32.95
2020-06-30,18.6178,34.6
2020-07-01,18.218,36.01
2020-07-02,18.322,33.7
2020-07-06,18.582,33.64
2020-07-07,18.699,34.46
2020-07-08,19.161,34.71
2020-07-09,18.962,35.15
2020-07-10,19.053,32.28
2020-07-13,19.788,32.82
2020-07-14,19.53,35.48
2020-07-15,19.761,45.9
2020-07-16,19.573,65.81
2020-07-17,19.764,57.12
2020-07-20,20.192,55.26
2020-07-21,21.557,66.2
2020-07-22,23.144,66.78
2020-07-23,22.988,63.76
2020-07-24,22.85,58.08
2020-07-27,24.501,57.41
2020-07-28,24.3,55.02
2020-07-29,24.321,61.2
2020-07-30,23.362,67.13
2020-07-31,24.216,76.54
2020-08-03,24.417,79.65
2020-08-04,26.028,75.2
2020-08-05,26.89,74.69
2020-08-06,28.4,70.28
2020-08-07,27.54,73.61
2020-08-10,29.261,68.22
2020-08-11,26.049,68.47
2020-08-12,25.979,64.24
2020-08-13,27.718,63
2020-08-14,26.089,60.86
2020-08-17,27.667,61.32
2020-08-18,28.075,53.54
2020-08-19,27.34,55.08
2020-08-20,27.147,62.17
2020-08-21,26.732,57.71
2020-08-24,26.607,56.36
2020-08-25,26.273,60.37
2020-08-26,27.48,59.39
2020-08-27,27.0942,57.11
2020-08-28,27.718,58.32
2020-08-31,28.5626,55.16
2020-09-01,28.645,54.64
2020-09-02,27.395,50.67
2020-09-03,26.875,48.83
2020-09-04,26.712,47.66
2020-09-08,26.991,52.03
2020-09-09,27.083,48.3
2020-09-10,27.291,46.8
2020-09-11,26.857,44.66
2020-09-14,27.355,42.89
2020-09-15,27.464,52.79
2020-09-16,27.476,48.99
2020-09-17,27.1,54.69
2020-09-18,27.129,54.49
2020-09-21,24.387,50.75
2020-09-22,24.523,51.67
2020-09-23,23.105,52.19
2020-09-24,23.196,52.38
2020-09-25,23.093,53.07
2020-09-28,23.604,50.65
2020-09-29,24.445,50.99
2020-09-30,23.494,50.89
2020-10-01,24.254,49.64
2020-10-02,24.029,47.96
2020-10-05,24.56,52.96
2020-10-06,23.921,54.76
2020-10-07,23.896,57.96
2020-10-08,23.876,54.17
2020-10-09,25.108,54.1
2020-10-12,25.271,51.27
2020-10-13,24.129,50.89
2020-10-14,24.395,52.37
2020-10-15,24.224,55.36
2020-10-16,24.405,50.67
2020-10-19,24.698,48.57
2020-10-20,24.98,48.58
2020-10-21,25.241,48.77
2020-10-22,24.709,50.87
2020-10-23,24.675,49.66
2020-10-26,24.42,51.17
2020-10-27,24.57,53.23
2020-10-28,23.359,54.25
2020-10-29,23.36,43.65
2020-10-30,23.646,52.27
2020-11-02,24.033,52.04
2020-11-03,24.334,51.73
2020-11-04,23.893,47.54
2020-11-05,25.191,44.68
2020-11-06,25.662,44.45
2020-11-09,23.701,44.2
2020-11-10,24.462,42.09
2020-11-11,24.267,41.37
2020-11-12,24.306,38.01
2020-11-13,24.775,38.96
2020-11-16,24.802,36.73
2020-11-17,24.651,38.12
2020-11-18,24.448,39.92
2020-11-19,24.048,37.93
2020-11-20,24.363,38.53
2020-11-23,23.633,39.13
2020-11-24,23.306,39.63
2020-11-25,23.372,44.06
2020-11-27,22.5746,42.21
2020-11-30,22.5532,41.3
2020-12-01,24.053,40.99
2020-12-02,24.039,43.21
2020-12-03,24.096,41.36
2020-12-04,24.212,40.62
2020-12-07,24.748,40.94
2020-12-08,24.692,40.21
2020-12-09,23.944,39.76
2020-12-10,24.043,41.21
2020-12-11,24.042,46.65
2020-12-14,23.996,47.73
2020-12-15,24.589,46.55
2020-12-16,24.991,48.1
2020-12-17,26.116,43.98
2020-12-18,25.96,45.66
2020-12-21,26.294,44.13
2020-12-22,25.455,45.37
2020-12-23,25.841,46.61
2020-12-24,25.823,46.53
2020-12-28,26.4758,47.16
2020-12-29,26.1684,47.14
2020-12-30,26.539,48.87
2020-12-31,26.396,50.6
2021-01-04,27.364,51.49
2021-01-05,27.64,48.34
2021-01-06,27.042,45.74
2021-01-07,27.261,47.88
2021-01-08,24.637,45.58
2021-01-11,25.284,43.77
2021-01-12,25.435,41.24
2021-01-13,25.572,42.72
2021-01-14,25.802,40.57
2021-01-15,24.866,39.99
2021-01-19,25.32,41.27
2021-01-20,25.766,40.38
2021-01-21,25.854,39.31
2021-01-22,25.556,39.71
2021-01-25,25.484,38.45
2021-01-26,25.538,42.64
2021-01-27,25.389,69.16
2021-01-28,25.922,73.28
2021-01-29,26.914,78.81
2021-02-01,29.418,57.4
2021-02-02,26.402,55.47
2021-02-03,26.889,49.41
2021-02-04,26.234,49.41
2021-02-05,27.019,50.51
2021-02-08,27.576,48.23
2021-02-09,27.402,48.65
2021-02-10,27.078,46.39
2021-02-11,27.047,46
2021-02-12,27.328,47.28
2021-02-16,27.325,48.56
2021-02-17,27.315,49.23
2021-02-18,27.078,47.73
2021-02-19,27.254,45.09
2021-02-22,28.085,54.4
2021-02-23,27.6988,51.76
2021-02-24,27.8866,50.8
2021-02-25,27.6658,48.5
2021-02-26,26.4324,50.59
2021-03-01,26.678,45.15
2021-03-02,26.879,45.57
2021-03-03,26.387,44.15
2021-03-04,25.461,43.35
2021-03-05,25.287,39.74
2021-03-08,25.269,40.41
2021-03-09,26.183,40.62
2021-03-10,26.13,39.91
2021-03-11,26.193,40.11
2021-03-12,25.911,39.51
2021-03-15,26.288,40.03
2021-03-16,26.003,39.86
2021-03-17,26.058,40.08
2021-03-18,26.351,38.71
2021-03-19,26.321,37.93
2021-03-22,25.769,37.4
2021-03-23,25.227,35.49
2021-03-24,25.231,33.44
2021-03-25,25.047,34.75
2021-03-26,25.114,33.01
2021-03-29,24.771,33.53
2021-03-30,24.137,36.76
2021-03-31,24.532,34.87
2021-04-01,24.948,33.69
2021-04-05,24.78,34.13
2021-04-06,25.227,33.35
2021-04-07,25.247,32.35
2021-04-08,25.585,30.61
2021-04-09,25.325,29.5
2021-04-12,24.867,27.89
2021-04-13,25.426,28.63
2021-04-14,25.524,27.57
2021-04-15,25.964,31.68
2021-04-16,26.105,31.17
2021-04-19,25.837,31.77
2021-04-20,25.84,30.53
2021-04-21,26.57,33.85
2021-04-22,26.18,33.02
2021-04-23,26.075,31.36
2021-04-26,26.209,32.45
2021-04-27,26.418,31.84
2021-04-28,26.0982,31.53
2021-04-29,26.0722,32.45
2021-04-30,25.869,29.75
2021-05-03,26.96,36.86
2021-05-04,26.558,35.94
2021-05-05,26.522,33.22
2021-05-06,27.477,35.52
2021-05-07,27.477,35.12
2021-05-10,27.492,34.31
2021-05-11,27.667,35.88
2021-05-12,27.244,34.77
2021-05-13,27.059,35.3
2021-05-14,27.365,34.3
2021-05-17,28.274,37.72
2021-05-18,28.333,37.46
2021-05-19,28.025,37.67
2021-05-20,28.067,36.76
2021-05-21,27.486,35.27
2021-05-24,27.905,35.35
2021-05-25,28.056,36.27
2021-05-26,27.877,34.63
2021-05-27,27.94,34.36
2021-05-28,28.014,34.92
2021-06-01,28.102,35.27
2021-06-02,28.204,35.62
2021-06-03,27.477,35.98
2021-06-04,27.896,34.48
2021-06-07,28.018,33.91
2021-06-08,27.731,34.63
2021-06-09,28.002,32.72
2021-06-10,28.031,32.71
2021-06-11,28.146,34.63
2021-06-14,28.039,33.21
2021-06-15,27.693,33.14
2021-06-16,27.812,32.22
2021-06-17,25.856,32.21
2021-06-18,25.969,33.28
2021-06-21,26.025,33.74
2021-06-22,25.857,33.35
2021-06-23,26.111,31.03
2021-06-24,26.05,30.78
2021-06-25,26.0948,29.76
2021-06-28,26.2354,29.06
2021-06-29,25.8894,28.93
2021-06-30,26.1882,29.85
2021-07-01,26.1,29.47
2021-07-02,26.501,29.04
2021-07-06,26.174,29.05
2021-07-07,26.129,29.09
2021-07-08,25.987,27.87
2021-07-09,26.234,28.02
2021-07-12,26.239,27.23
2021-07-13,26.14,25.89
2021-07-14,26.271,27.08
2021-07-15,26.394,27.4
2021-07-16,25.795,26.9
2021-07-19,25.144,28.88
2021-07-20,24.995,30.76
2021-07-21,25.255,29.7
2021-07-22,25.381,29.27
2021-07-23,25.233,28.23
2021-07-26,25.318,27.44
2021-07-27,24.649,28.65
2021-07-28,24.877,30.87
2021-07-29,25.782,29.47
2021-07-30,25.547,30.02
2021-08-02,25.575,29.84
2021-08-03,25.582,30.1
2021-08-04,25.461,29.01
2021-08-05,25.292,28.15
2021-08-06,24.326,27.14
2021-08-09,23.269,27.85
2021-08-10,23.392,31.12
2021-08-11,23.488,30.25
2021-08-12,23.116,28.43
2021-08-13,23.779,28.76
2021-08-16,23.791,27.74
2021-08-17,23.659,28.29
2021-08-18,23.422,28.44
2021-08-19,23.23,28.41
2021-08-20,23.112,29.57
2021-08-23,23.656,29.11
2021-08-24,23.894,29.46
2021-08-25,23.775,30.21
2021-08-26,23.5592,29.5
2021-08-27,24.0812,30.14
2021-08-30,23.9876,29.98
2021-08-31,23.9968,29.07
2021-09-01,24.221,28.01
2021-09-02,23.918,27.74
2021-09-03,24.802,26.54
2021-09-06,24.802,28.05
2021-09-07,24.373,27.97
2021-09-08,24.056,27.11
2021-09-09,24.177,26.72
2021-09-10,23.9,26.65
2021-09-13,23.796,27.27
2021-09-14,23.885,26.92
2021-09-15,23.801,26.38
2021-09-16,22.794,30.1
2021-09-17,22.337,30.7
2021-09-20,22.204,32.02
2021-09-21,22.611,30.87
2021-09-22,22.907,30.62
2021-09-23,22.679,29.6
2021-09-24,22.425,29.73
2021-09-27,22.694,29.28
2021-09-28,22.467,30.89
2021-09-29,21.485,32.42
2021-09-30,22.047,31.09
2021-10-01,22.536,30.06
2021-10-04,22.644,30.26
2021-10-05,22.608,29.41
2021-10-06,22.532,29.41
2021-10-07,22.658,29.1
2021-10-08,22.705,28.36
2021-10-11,22.665,28.55
2021-10-12,22.514,28.67
2021-10-13,23.17,29.22
2021-10-14,23.477,30.16
2021-10-15,23.349,28.39
2021-10-18,23.264,28.42
2021-10-19,23.883,28.23
2021-10-20,24.445,29.22
2021-10-21,24.17,28.61
2021-10-22,24.449,29.08
2021-10-25,24.592,30.97
2021-10-26,24.088,29.71
2021-10-27,24.191,30
2021-10-28,24.12,29.11
2021-10-29,23.949,27.69
2021-11-01,24.073,28.53
2021-11-02,23.507,29.47
2021-11-03,23.231,30.53
2021-11-04,23.911,29.46
2021-11-05,24.157,29.84
2021-11-08,24.542,31.01
2021-11-09,24.318,30.2
2021-11-10,24.772,30.95
2021-11-11,25.301,32.47
2021-11-12,25.346,32.22
2021-11-15,25.105,32.8
2021-11-16,24.944,30.97
2021-11-17,25.167,30.68
2021-11-18,24.9,29.95
2021-11-19,24.781,28.92
2021-11-22,24.297,29.67
2021-11-23,23.435,31.09
2021-11-24,23.4996,30.14
2021-11-26,23.113,31.15
2021-11-29,22.8116,32.15
2021-11-30,22.781,31.52
2021-12-01,22.309,31.98
2021-12-02,22.286,32.46
2021-12-03,22.452,32.4
2021-12-06,22.234,32.3
2021-12-07,22.493,31.42
2021-12-08,22.4,30.87
2021-12-09,21.975,30.4
2021-12-10,22.16,30.24
2021-12-13,22.291,27.27
2021-12-14,21.889,25.48
2021-12-15,21.514,26.65
2021-12-16,22.454,27.64
2021-12-17,22.511,28.04
2021-12-20,22.27,27.61
2021-12-21,22.494,28.41
2021-12-22,22.786,27.71
2021-12-23,22.913,27.29
2021-12-24,22.913,26.83
2021-12-26,22.913,27.49
2021-12-27,22.958,28.14
2021-12-28,23.0954,27.05
2021-12-29,22.8394,26.55
2021-12-30,23.0472,26.43
2021-12-31,23.3472,25.81
2022-01-03,22.81,27.06
2022-01-04,23.056,26.6
2022-01-05,23.17,27.23
2022-01-06,22.19,27.63
2022-01-07,22.409,27.42
2022-01-10,22.462,27.91
2022-01-11,22.812,27.8
2022-01-12,23.207,28.18
2022-01-13,23.162,27
2022-01-14,22.918,25.91
2022-01-18,23.492,28.18
2022-01-19,24.231,30.12
2022-01-20,24.716,29.68
2022-01-21,24.32,30.01
2022-01-24,23.8,30.78
2022-01-25,23.896,31.17
2022-01-26,23.807,30.44
2022-01-27,22.676,30.98
2022-01-28,22.301,31.34
2022-01-31,22.393,31.53
2022-02-01,22.595,31.59
2022-02-02,22.707,30.82
2022-02-03,22.375,30.91
2022-02-04,22.475,29.43
2022-02-07,23.076,30.43
2022-02-08,23.2,29.08
2022-02-09,23.341,28.48
2022-02-10,23.522,27.95
2022-02-11,23.369,31.21
